Date,Day_of_Week,Month,Quarter,Holiday_Indicator,Product_ID,Category,Price,Promotion_Type,Promotion_Duration,Discount_Applied,Customer_Segment,Region,Inventory_Levels,Competitor_Pricing_Indicator,Units_Sold,Revenue
2023-01-01,Sunday,1,1,0,PROD_102,Beauty,293.91,None,0,0.0,Wholesale,East,125,Higher,24,7053.84
2023-01-02,Monday,1,1,0,PROD_123,Beauty,121.67,Seasonal Sale,3,0.15,Retail,West,200,Higher,15,1551.29
2023-01-03,Tuesday,1,1,0,PROD_122,Home & Garden,19.99,None,0,0.0,Retail,East,203,Same,38,759.62
2023-01-04,Wednesday,1,1,0,PROD_107,Home & Garden,84.58,None,0,0.0,Wholesale,South,245,Same,21,1776.18
2023-01-05,Thursday,1,1,0,PROD_146,Beauty,251.8,None,0,0.0,Retail,East,284,Same,9,2266.2
2023-01-06,Friday,1,1,0,PROD_136,Electronics,261.41,Flash Sale,9,0.25,Retail,South,297,Higher,27,5293.55
2023-01-07,Saturday,1,1,0,PROD_102,Beauty,234.03,Seasonal Sale,6,0.15,Retail,South,416,Lower,20,3978.51
2023-01-08,Sunday,1,1,0,PROD_132,Home & Garden,47.24,Seasonal Sale,5,0.15,Retail,West,108,Higher,67,2690.32
2023-01-09,Monday,1,1,0,PROD_127,Electronics,241.72,None,0,0.0,Corporate,North,195,Same,36,8701.92
2023-01-10,Tuesday,1,1,0,PROD_146,Home & Garden,276.82,None,0,0.0,Retail,North,37,Same,33,9135.06
2023-01-11,Wednesday,1,1,0,PROD_107,Electronics,186.17,Seasonal Sale,5,0.15,Wholesale,West,390,Lower,30,4747.33
2023-01-12,Thursday,1,1,1,PROD_133,Apparel,283.15,None,0,0.0,Retail,East,479,Same,24,6795.6
2023-01-13,Friday,1,1,0,PROD_134,Home & Garden,250.65,None,0,0.0,Retail,West,443,Same,10,2506.5
2023-01-15,Sunday,1,1,0,PROD_131,Home & Garden,205.09,Seasonal Sale,6,0.15,Wholesale,South,420,Lower,20,3486.53
2023-01-16,Monday,1,1,0,PROD_123,Beauty,179.5,Clearance,5,0.4,Wholesale,North,418,Same,20,2154.0
2023-01-17,Tuesday,1,1,0,PROD_113,Home & Garden,114.34,Seasonal Sale,3,0.15,Retail,West,125,Higher,61,5928.53
2023-01-18,Wednesday,1,1,0,PROD_131,Home & Garden,60.4,Seasonal Sale,5,0.15,Retail,East,290,Same,41,2104.94
2023-01-19,Thursday,1,1,0,PROD_145,Apparel,187.41,Clearance,4,0.4,Retail,West,482,Same,52,5847.19
2023-01-20,Friday,1,1,0,PROD_142,Home & Garden,105.66,None,0,0.0,Retail,North,338,Lower,17,1796.22
2023-01-23,Monday,1,1,0,PROD_115,Apparel,261.94,None,0,0.0,Wholesale,West,186,Same,8,2095.52
2023-01-24,Tuesday,1,1,0,PROD_103,Apparel,298.1,Clearance,11,0.4,Retail,West,32,Lower,16,2861.76
2023-01-25,Wednesday,1,1,0,PROD_136,Apparel,229.44,None,0,0.0,Retail,North,356,Same,27,6194.88
2023-01-26,Thursday,1,1,0,PROD_120,Apparel,40.79,Seasonal Sale,12,0.15,Retail,South,51,Higher,42,1456.2
2023-01-27,Friday,1,1,0,PROD_113,Electronics,97.28,None,0,0.0,Corporate,South,412,Same,20,1945.6
2023-01-28,Saturday,1,1,0,PROD_130,Beauty,46.1,None,0,0.0,Corporate,North,59,Lower,22,1014.2
2023-01-29,Sunday,1,1,0,PROD_147,Electronics,200.4,Seasonal Sale,9,0.15,Retail,West,167,Same,25,4258.5
2023-01-30,Monday,1,1,0,PROD_117,Home & Garden,233.08,Clearance,7,0.4,Wholesale,North,237,Same,76,10628.45
2023-01-31,Tuesday,1,1,0,PROD_106,Electronics,278.82,Seasonal Sale,10,0.15,Retail,South,238,Same,40,9479.88
2023-02-01,Wednesday,2,1,0,PROD_109,Electronics,139.88,None,0,0.0,Retail,East,488,Higher,42,5874.96
2023-02-02,Thursday,2,1,0,PROD_106,Home & Garden,271.89,Flash Sale,3,0.25,Wholesale,West,101,Higher,62,12642.88
2023-02-03,Friday,2,1,0,PROD_132,Home & Garden,265.2,None,0,0.0,Corporate,South,352,Same,14,3712.8
2023-02-04,Saturday,2,1,0,PROD_122,Home & Garden,105.4,None,0,0.0,Corporate,West,227,Same,24,2529.6
2023-02-05,Sunday,2,1,1,PROD_120,Electronics,262.64,None,0,0.0,Retail,North,220,Same,49,12869.36
2023-02-06,Monday,2,1,1,PROD_118,Electronics,122.07,None,0,0.0,Retail,East,466,Lower,11,1342.77
2023-02-07,Tuesday,2,1,0,PROD_147,Home & Garden,99.61,None,0,0.0,Wholesale,North,351,Same,25,2490.25
2023-02-08,Wednesday,2,1,0,PROD_118,Beauty,199.99,Clearance,7,0.4,Retail,East,447,Same,22,2639.87
2023-02-09,Thursday,2,1,0,PROD_135,Beauty,108.59,Seasonal Sale,4,0.15,Retail,West,57,Same,45,4153.57
2023-02-10,Friday,2,1,0,PROD_128,Apparel,194.61,Seasonal Sale,13,0.15,Retail,West,230,Same,20,3308.37
2023-02-11,Saturday,2,1,0,PROD_117,Home & Garden,188.8,None,0,0.0,Wholesale,North,463,Lower,26,4908.8
2023-02-12,Sunday,2,1,0,PROD_101,Apparel,175.58,Clearance,8,0.4,Retail,East,346,Same,38,4003.22
2023-02-13,Monday,2,1,0,PROD_100,Beauty,123.42,Clearance,7,0.4,Retail,East,268,Lower,17,1258.88
2023-02-14,Tuesday,2,1,0,PROD_146,Apparel,171.32,Seasonal Sale,8,0.15,Corporate,West,246,Lower,29,4223.04
2023-02-15,Wednesday,2,1,0,PROD_104,Home & Garden,185.0,None,0,0.0,Retail,North,67,Higher,12,2220.0
2023-02-16,Thursday,2,1,0,PROD_119,Home & Garden,170.52,None,0,0.0,Retail,East,37,Lower,15,2557.8
2023-02-17,Friday,2,1,0,PROD_110,Home & Garden,141.66,None,0,0.0,Retail,West,419,Same,15,2124.9
2023-02-18,Saturday,2,1,0,PROD_141,Electronics,19.18,None,0,0.0,Retail,South,458,Lower,20,383.6
2023-02-19,Sunday,2,1,0,PROD_101,Apparel,182.31,None,0,0.0,Retail,North,314,Higher,39,7110.09
2023-02-20,Monday,2,1,0,PROD_102,Beauty,63.01,Clearance,6,0.4,Retail,South,215,Same,38,1436.63
2023-02-21,Tuesday,2,1,0,PROD_122,Beauty,198.13,None,0,0.0,Wholesale,North,206,Lower,24,4755.12
2023-02-22,Wednesday,2,1,0,PROD_111,Beauty,231.41,None,0,0.0,Retail,West,364,Same,12,2776.92
2023-02-23,Thursday,2,1,0,PROD_119,Electronics,157.63,None,0,0.0,Corporate,East,243,Same,16,2522.08
2023-02-24,Friday,2,1,0,PROD_104,Electronics,169.57,None,0,0.0,Retail,East,337,Higher,48,8139.36
2023-02-25,Saturday,2,1,0,PROD_136,Home & Garden,286.17,None,0,0.0,Retail,East,416,Lower,12,3434.04
2023-02-26,Sunday,2,1,0,PROD_137,Beauty,256.44,None,0,0.0,Retail,North,384,Higher,39,10001.16
2023-02-27,Monday,2,1,0,PROD_129,Electronics,275.56,None,0,0.0,Retail,West,356,Higher,29,7991.24
2023-03-01,Wednesday,3,1,0,PROD_108,Home & Garden,246.92,Seasonal Sale,6,0.15,Wholesale,South,248,Higher,17,3567.99
2023-03-02,Thursday,3,1,0,PROD_133,Beauty,46.04,Clearance,8,0.4,Retail,West,409,Same,27,745.85
2023-03-03,Friday,3,1,0,PROD_143,Apparel,57.46,None,0,0.0,Retail,South,486,Same,13,746.98
2023-03-04,Saturday,3,1,0,PROD_134,Home & Garden,165.09,None,0,0.0,Wholesale,North,96,Same,23,3797.07
2023-03-05,Sunday,3,1,0,PROD_121,Electronics,85.13,Flash Sale,6,0.25,Corporate,North,207,Higher,21,1340.8
2023-03-06,Monday,3,1,0,PROD_143,Electronics,150.86,None,0,0.0,Wholesale,South,365,Same,24,3620.64
2023-03-07,Tuesday,3,1,0,PROD_123,Home & Garden,127.39,None,0,0.0,Retail,South,289,Same,9,1146.51
2023-03-08,Wednesday,3,1,1,PROD_116,Home & Garden,171.58,Flash Sale,3,0.25,Wholesale,South,114,Same,33,4246.61
2023-03-09,Thursday,3,1,0,PROD_109,Electronics,227.86,None,0,0.0,Retail,West,329,Same,25,5696.5
2023-03-10,Friday,3,1,0,PROD_129,Apparel,218.91,Seasonal Sale,9,0.15,Retail,South,151,Higher,35,6512.57
2023-03-11,Saturday,3,1,0,PROD_145,Beauty,163.55,None,0,0.0,Retail,North,58,Lower,12,1962.6
2023-03-12,Sunday,3,1,0,PROD_122,Apparel,249.38,None,0,0.0,Retail,North,91,Higher,12,2992.56
2023-03-14,Tuesday,3,1,1,PROD_131,Home & Garden,137.8,None,0,0.0,Retail,East,300,Same,21,2893.8
2023-03-15,Wednesday,3,1,0,PROD_116,Apparel,270.56,Seasonal Sale,5,0.15,Retail,South,352,Higher,32,7359.23
2023-03-16,Thursday,3,1,0,PROD_149,Electronics,35.31,None,0,0.0,Wholesale,West,179,Same,17,600.27
2023-03-17,Friday,3,1,0,PROD_116,Home & Garden,287.08,None,0,0.0,Retail,West,206,Same,12,3444.96
2023-03-18,Saturday,3,1,0,PROD_113,Beauty,201.59,Seasonal Sale,5,0.15,Retail,West,210,Higher,34,5825.95
2023-03-19,Sunday,3,1,0,PROD_108,Electronics,123.32,None,0,0.0,Retail,East,441,Same,12,1479.84
2023-03-20,Monday,3,1,0,PROD_139,Electronics,71.19,None,0,0.0,Corporate,North,139,Higher,48,3417.12
2023-03-21,Tuesday,3,1,0,PROD_101,Beauty,151.57,Flash Sale,4,0.25,Retail,West,239,Same,55,6252.26
2023-03-22,Wednesday,3,1,0,PROD_144,Beauty,70.45,None,0,0.0,Retail,North,72,Same,24,1690.8
2023-03-23,Thursday,3,1,0,PROD_124,Apparel,62.4,Flash Sale,6,0.25,Wholesale,East,241,Same,42,1965.6
2023-03-24,Friday,3,1,0,PROD_138,Home & Garden,190.95,Seasonal Sale,9,0.15,Wholesale,South,470,Same,50,8115.38
2023-03-25,Saturday,3,1,0,PROD_108,Beauty,164.08,Seasonal Sale,5,0.15,Retail,South,431,Same,11,1534.15
2023-03-26,Sunday,3,1,0,PROD_121,Beauty,205.98,None,0,0.0,Wholesale,South,150,Lower,10,2059.8
2023-03-27,Monday,3,1,0,PROD_142,Home & Garden,279.94,Clearance,10,0.4,Wholesale,West,256,Same,40,6718.56
2023-03-28,Tuesday,3,1,0,PROD_145,Beauty,166.69,None,0,0.0,Wholesale,South,265,Lower,9,1500.21
2023-03-31,Friday,3,1,0,PROD_103,Beauty,180.57,Seasonal Sale,3,0.15,Retail,West,245,Higher,48,7367.26
2023-04-01,Saturday,4,2,0,PROD_125,Apparel,40.54,None,0,0.0,Wholesale,East,227,Higher,27,1094.58
2023-04-02,Sunday,4,2,0,PROD_128,Electronics,219.53,None,0,0.0,Retail,East,425,Same,34,7464.02
2023-04-03,Monday,4,2,1,PROD_144,Electronics,128.97,None,0,0.0,Retail,West,115,Same,39,5029.83
2023-04-04,Tuesday,4,2,0,PROD_133,Electronics,293.37,Clearance,10,0.4,Retail,North,441,Same,70,12321.54
2023-04-05,Wednesday,4,2,0,PROD_122,Electronics,249.6,Clearance,5,0.4,Retail,South,219,Same,46,6888.96
2023-04-06,Thursday,4,2,0,PROD_136,Beauty,163.91,None,0,0.0,Retail,South,266,Higher,58,9506.78
2023-04-07,Friday,4,2,0,PROD_110,Home & Garden,50.12,None,0,0.0,Wholesale,South,91,Higher,41,2054.92
2023-04-08,Saturday,4,2,1,PROD_105,Home & Garden,259.93,Seasonal Sale,13,0.15,Retail,West,337,Same,30,6628.22
2023-04-09,Sunday,4,2,0,PROD_117,Apparel,242.94,None,0,0.0,Retail,East,204,Higher,18,4372.92
2023-04-11,Tuesday,4,2,1,PROD_120,Apparel,67.61,None,0,0.0,Retail,South,25,Same,51,3448.11
2023-04-12,Wednesday,4,2,0,PROD_141,Beauty,99.15,Seasonal Sale,4,0.15,Retail,East,225,Higher,48,4045.32
2023-04-14,Friday,4,2,0,PROD_135,Home & Garden,241.12,None,0,0.0,Corporate,South,51,Lower,15,3616.8
2023-04-15,Saturday,4,2,0,PROD_140,Home & Garden,67.79,Clearance,8,0.4,Retail,South,118,Same,46,1871.0
2023-04-16,Sunday,4,2,1,PROD_137,Electronics,276.56,None,0,0.0,Retail,West,413,Same,55,15210.8
2023-04-18,Tuesday,4,2,0,PROD_133,Beauty,135.99,None,0,0.0,Retail,North,406,Same,27,3671.73
2023-04-19,Wednesday,4,2,0,PROD_116,Beauty,39.81,None,0,0.0,Retail,West,275,Lower,25,995.25
2023-04-20,Thursday,4,2,1,PROD_136,Electronics,247.49,Seasonal Sale,12,0.15,Retail,South,206,Higher,96,20195.18
2023-04-21,Friday,4,2,0,PROD_124,Beauty,121.45,None,0,0.0,Wholesale,South,95,Lower,28,3400.6
2023-04-22,Saturday,4,2,0,PROD_137,Beauty,165.05,Seasonal Sale,7,0.15,Corporate,North,196,Same,24,3367.02
2023-04-23,Sunday,4,2,0,PROD_111,Apparel,47.01,None,0,0.0,Retail,East,334,Lower,34,1598.34
2023-04-24,Monday,4,2,0,PROD_122,Home & Garden,15.74,Flash Sale,11,0.25,Wholesale,East,306,Same,66,779.13
2023-04-25,Tuesday,4,2,0,PROD_141,Beauty,196.83,None,0,0.0,Wholesale,South,368,Same,29,5708.07
2023-04-26,Wednesday,4,2,0,PROD_121,Apparel,161.82,None,0,0.0,Wholesale,East,274,Same,37,5987.34
2023-04-27,Thursday,4,2,0,PROD_120,Home & Garden,184.16,Seasonal Sale,10,0.15,Retail,South,344,Lower,40,6261.44
2023-04-28,Friday,4,2,0,PROD_126,Electronics,241.22,None,0,0.0,Retail,North,209,Lower,9,2170.98
2023-04-29,Saturday,4,2,0,PROD_130,Apparel,199.28,None,0,0.0,Retail,North,327,Same,43,8569.04
2023-04-30,Sunday,4,2,1,PROD_105,Apparel,64.81,Flash Sale,5,0.25,Wholesale,South,364,Higher,38,1847.08
2023-05-01,Monday,5,2,0,PROD_126,Home & Garden,117.82,None,0,0.0,Wholesale,North,146,Higher,45,5301.9
2023-05-03,Wednesday,5,2,0,PROD_139,Electronics,273.18,Seasonal Sale,10,0.15,Retail,West,444,Lower,16,3715.25
2023-05-04,Thursday,5,2,0,PROD_133,Apparel,234.43,None,0,0.0,Retail,West,306,Same,15,3516.45
2023-05-05,Friday,5,2,0,PROD_111,Beauty,173.64,Seasonal Sale,3,0.15,Corporate,North,273,Lower,24,3542.26
2023-05-06,Saturday,5,2,0,PROD_144,Beauty,87.86,None,0,0.0,Wholesale,South,232,Lower,23,2020.78
2023-05-07,Sunday,5,2,0,PROD_106,Beauty,101.09,None,0,0.0,Corporate,South,269,Same,48,4852.32
2023-05-08,Monday,5,2,0,PROD_109,Electronics,223.61,Clearance,9,0.4,Wholesale,North,103,Same,78,10464.95
2023-05-09,Tuesday,5,2,0,PROD_144,Apparel,257.58,Seasonal Sale,5,0.15,Retail,East,402,Lower,21,4597.8
2023-05-10,Wednesday,5,2,0,PROD_116,Beauty,206.36,None,0,0.0,Retail,West,425,Lower,9,1857.24
2023-05-12,Friday,5,2,1,PROD_125,Electronics,245.72,None,0,0.0,Wholesale,East,407,Lower,35,8600.2
2023-05-13,Saturday,5,2,1,PROD_120,Beauty,233.5,Flash Sale,11,0.25,Retail,South,32,Higher,91,15936.38
2023-05-14,Sunday,5,2,0,PROD_127,Home & Garden,57.67,None,0,0.0,Retail,South,64,Higher,35,2018.45
2023-05-16,Tuesday,5,2,0,PROD_145,Apparel,135.82,Seasonal Sale,3,0.15,Wholesale,East,146,Lower,25,2886.18
2023-05-17,Wednesday,5,2,0,PROD_101,Apparel,58.6,Seasonal Sale,7,0.15,Retail,North,445,Lower,10,498.1
2023-05-18,Thursday,5,2,0,PROD_142,Electronics,82.04,None,0,0.0,Wholesale,East,133,Higher,24,1968.96
2023-05-19,Friday,5,2,0,PROD_100,Electronics,262.74,None,0,0.0,Retail,East,452,Higher,27,7093.98
2023-05-20,Saturday,5,2,0,PROD_135,Apparel,149.77,Seasonal Sale,7,0.15,Corporate,West,295,Same,30,3819.14
2023-05-21,Sunday,5,2,0,PROD_125,Beauty,167.58,None,0,0.0,Retail,West,224,Lower,14,2346.12
2023-05-22,Monday,5,2,0,PROD_128,Beauty,65.86,None,0,0.0,Retail,East,356,Lower,19,1251.34
2023-05-23,Tuesday,5,2,0,PROD_120,Home & Garden,104.0,Clearance,6,0.4,Wholesale,East,457,Same,88,5491.2
2023-05-24,Wednesday,5,2,0,PROD_110,Beauty,80.62,None,0,0.0,Retail,South,439,Same,48,3869.76
2023-05-25,Thursday,5,2,0,PROD_139,Electronics,73.76,Seasonal Sale,4,0.15,Wholesale,West,404,Lower,33,2068.97
2023-05-26,Friday,5,2,0,PROD_110,Electronics,196.82,None,0,0.0,Wholesale,West,418,Same,23,4526.86
2023-05-27,Saturday,5,2,0,PROD_135,Beauty,88.21,None,0,0.0,Retail,South,480,Lower,23,2028.83
2023-05-28,Sunday,5,2,0,PROD_148,Electronics,195.12,None,0,0.0,Retail,North,292,Higher,13,2536.56
2023-05-29,Monday,5,2,0,PROD_138,Apparel,31.66,None,0,0.0,Retail,West,427,Same,31,981.46
2023-05-30,Tuesday,5,2,0,PROD_139,Apparel,55.41,None,0,0.0,Retail,West,77,Lower,22,1219.02
2023-05-31,Wednesday,5,2,0,PROD_134,Beauty,93.24,None,0,0.0,Corporate,North,347,Same,28,2610.72
2023-06-01,Thursday,6,2,0,PROD_133,Apparel,185.16,Seasonal Sale,13,0.15,Wholesale,West,238,Same,37,5823.28
2023-06-02,Friday,6,2,1,PROD_146,Apparel,207.61,None,0,0.0,Wholesale,West,128,Higher,40,8304.4
2023-06-03,Saturday,6,2,0,PROD_123,Home & Garden,141.17,None,0,0.0,Wholesale,North,298,Same,37,5223.29
2023-06-04,Sunday,6,2,0,PROD_121,Home & Garden,142.05,None,0,0.0,Retail,North,193,Same,37,5255.85
2023-06-05,Monday,6,2,0,PROD_104,Apparel,221.49,None,0,0.0,Corporate,East,347,Same,42,9302.58
2023-06-06,Tuesday,6,2,1,PROD_132,Beauty,19.51,None,0,0.0,Wholesale,South,283,Same,42,819.42
2023-06-07,Wednesday,6,2,0,PROD_135,Home & Garden,112.21,None,0,0.0,Wholesale,South,334,Higher,48,5386.08
2023-06-08,Thursday,6,2,0,PROD_146,Electronics,248.33,None,0,0.0,Wholesale,North,493,Same,46,11423.18
2023-06-09,Friday,6,2,0,PROD_119,Electronics,186.92,None,0,0.0,Retail,North,130,Same,35,6542.2
2023-06-11,Sunday,6,2,0,PROD_118,Electronics,111.11,None,0,0.0,Wholesale,West,206,Lower,30,3333.3
2023-06-12,Monday,6,2,0,PROD_134,Beauty,273.07,Seasonal Sale,3,0.15,Retail,East,288,Same,59,13694.46
2023-06-13,Tuesday,6,2,0,PROD_142,Apparel,235.2,None,0,0.0,Retail,East,442,Higher,57,13406.4
2023-06-14,Wednesday,6,2,0,PROD_116,Electronics,90.5,None,0,0.0,Retail,North,248,Higher,63,5701.5
2023-06-15,Thursday,6,2,0,PROD_144,Beauty,198.91,Seasonal Sale,12,0.15,Corporate,West,175,Lower,24,4057.76
2023-06-17,Saturday,6,2,1,PROD_142,Home & Garden,184.79,None,0,0.0,Wholesale,West,492,Lower,49,9054.71
2023-06-18,Sunday,6,2,1,PROD_133,Apparel,129.34,Flash Sale,4,0.25,Wholesale,South,208,Higher,69,6693.35
2023-06-19,Monday,6,2,0,PROD_108,Home & Garden,119.58,None,0,0.0,Wholesale,South,291,Higher,41,4902.78
2023-06-20,Tuesday,6,2,0,PROD_125,Beauty,112.91,None,0,0.0,Retail,West,394,Lower,21,2371.11
2023-06-21,Wednesday,6,2,0,PROD_101,Electronics,190.89,None,0,0.0,Corporate,South,21,Same,25,4772.25
2023-06-22,Thursday,6,2,0,PROD_108,Electronics,141.09,None,0,0.0,Retail,North,265,Same,37,5220.33
2023-06-23,Friday,6,2,0,PROD_108,Beauty,252.08,Seasonal Sale,9,0.15,Retail,West,229,Higher,78,16712.9
2023-06-24,Saturday,6,2,0,PROD_139,Electronics,205.84,None,0,0.0,Retail,South,420,Lower,11,2264.24
2023-06-25,Sunday,6,2,0,PROD_116,Apparel,34.93,Flash Sale,10,0.25,Wholesale,East,305,Lower,35,916.91
2023-06-26,Monday,6,2,1,PROD_100,Beauty,197.45,None,0,0.0,Wholesale,West,378,Higher,58,11452.1
2023-06-27,Tuesday,6,2,0,PROD_124,Home & Garden,92.28,None,0,0.0,Retail,West,32,Lower,24,2214.72
2023-06-28,Wednesday,6,2,0,PROD_142,Beauty,183.95,None,0,0.0,Retail,East,115,Same,49,9013.55
2023-06-29,Thursday,6,2,0,PROD_139,Apparel,208.84,None,0,0.0,Wholesale,North,240,Same,30,6265.2
2023-06-30,Friday,6,2,0,PROD_141,Apparel,80.79,None,0,0.0,Retail,East,257,Same,34,2746.86
2023-07-01,Saturday,7,3,0,PROD_124,Beauty,145.2,Seasonal Sale,9,0.15,Wholesale,West,113,Same,13,1604.46
2023-07-02,Sunday,7,3,0,PROD_138,Beauty,69.24,Flash Sale,7,0.25,Corporate,North,357,Same,24,1246.32
2023-07-03,Monday,7,3,0,PROD_134,Electronics,29.92,None,0,0.0,Retail,South,288,Lower,22,658.24
2023-07-04,Tuesday,7,3,0,PROD_102,Apparel,122.87,Seasonal Sale,3,0.15,Retail,South,190,Same,44,4595.34
2023-07-05,Wednesday,7,3,0,PROD_149,Beauty,118.44,Clearance,3,0.4,Wholesale,South,488,Higher,83,5898.31
2023-07-06,Thursday,7,3,0,PROD_136,Beauty,298.71,Flash Sale,11,0.25,Wholesale,West,113,Higher,86,19266.79
2023-07-07,Friday,7,3,0,PROD_143,Apparel,142.21,None,0,0.0,Retail,East,168,Lower,27,3839.67
2023-07-08,Saturday,7,3,0,PROD_143,Beauty,110.07,Seasonal Sale,7,0.15,Corporate,North,131,Lower,21,1964.75
2023-07-10,Monday,7,3,0,PROD_129,Electronics,180.44,None,0,0.0,Retail,South,74,Same,27,4871.88
2023-07-12,Wednesday,7,3,0,PROD_137,Apparel,40.3,Clearance,7,0.4,Retail,North,356,Same,64,1547.52
2023-07-13,Thursday,7,3,0,PROD_133,Electronics,289.07,None,0,0.0,Wholesale,West,443,Same,24,6937.68
2023-07-14,Friday,7,3,0,PROD_111,Electronics,195.96,None,0,0.0,Wholesale,South,486,Same,42,8230.32
2023-07-15,Saturday,7,3,0,PROD_118,Electronics,230.13,Seasonal Sale,11,0.15,Retail,West,135,Lower,28,5477.09
2023-07-16,Sunday,7,3,0,PROD_136,Electronics,63.59,None,0,0.0,Wholesale,East,162,Lower,33,2098.47
2023-07-17,Monday,7,3,0,PROD_143,Apparel,131.7,Clearance,3,0.4,Retail,West,220,Same,64,5057.28
2023-07-18,Tuesday,7,3,0,PROD_148,Electronics,135.47,Clearance,9,0.4,Retail,West,199,Same,72,5852.3
2023-07-19,Wednesday,7,3,0,PROD_116,Electronics,249.21,Seasonal Sale,9,0.15,Retail,East,221,Lower,25,5295.71
2023-07-20,Thursday,7,3,0,PROD_109,Beauty,15.35,None,0,0.0,Wholesale,North,383,Same,33,506.55
2023-07-21,Friday,7,3,0,PROD_148,Apparel,100.74,Seasonal Sale,12,0.15,Retail,East,498,Same,67,5737.14
2023-07-22,Saturday,7,3,0,PROD_146,Apparel,294.65,None,0,0.0,Retail,East,72,Higher,20,5893.0
2023-07-23,Sunday,7,3,0,PROD_111,Home & Garden,150.34,None,0,0.0,Retail,West,490,Higher,37,5562.58
2023-07-24,Monday,7,3,0,PROD_115,Apparel,124.02,Flash Sale,8,0.25,Wholesale,North,403,Same,58,5394.87
2023-07-25,Tuesday,7,3,0,PROD_123,Apparel,49.15,None,0,0.0,Wholesale,South,199,Lower,10,491.5
2023-07-26,Wednesday,7,3,0,PROD_118,Home & Garden,292.64,None,0,0.0,Wholesale,East,433,Same,36,10535.04
2023-07-27,Thursday,7,3,0,PROD_107,Apparel,20.71,Clearance,4,0.4,Retail,North,436,Lower,25,310.65
2023-07-28,Friday,7,3,0,PROD_130,Apparel,225.1,None,0,0.0,Wholesale,East,332,Same,40,9004.0
2023-07-29,Saturday,7,3,0,PROD_120,Apparel,234.05,None,0,0.0,Retail,East,327,Higher,39,9127.95
2023-07-30,Sunday,7,3,0,PROD_116,Apparel,84.44,Clearance,7,0.4,Wholesale,East,156,Same,70,3546.48
2023-07-31,Monday,7,3,0,PROD_122,Home & Garden,206.39,None,0,0.0,Corporate,East,201,Higher,63,13002.57
2023-08-01,Tuesday,8,3,0,PROD_136,Apparel,41.48,Seasonal Sale,8,0.15,Retail,West,386,Same,30,1057.74
2023-08-02,Wednesday,8,3,0,PROD_115,Apparel,88.26,Clearance,6,0.4,Wholesale,North,20,Lower,44,2330.06
2023-08-04,Friday,8,3,0,PROD_105,Home & Garden,239.55,Clearance,13,0.4,Retail,North,63,Same,58,8336.34
2023-08-05,Saturday,8,3,0,PROD_107,Beauty,261.44,Seasonal Sale,9,0.15,Retail,North,246,Same,63,14000.11
2023-08-06,Sunday,8,3,0,PROD_124,Electronics,188.42,None,0,0.0,Retail,East,350,Same,37,6971.54
2023-08-07,Monday,8,3,0,PROD_117,Beauty,159.45,None,0,0.0,Retail,West,117,Same,26,4145.7
2023-08-08,Tuesday,8,3,0,PROD_124,Home & Garden,60.4,Flash Sale,9,0.25,Retail,East,227,Lower,42,1902.6
2023-08-09,Wednesday,8,3,1,PROD_111,Electronics,32.99,Flash Sale,4,0.25,Wholesale,East,284,Higher,34,841.25
2023-08-10,Thursday,8,3,0,PROD_114,Home & Garden,48.53,None,0,0.0,Retail,North,307,Lower,23,1116.19
2023-08-11,Friday,8,3,0,PROD_125,Home & Garden,79.8,None,0,0.0,Wholesale,East,290,Higher,19,1516.2
2023-08-12,Saturday,8,3,0,PROD_140,Apparel,112.38,None,0,0.0,Retail,South,159,Higher,26,2921.88
2023-08-13,Sunday,8,3,0,PROD_144,Electronics,123.56,None,0,0.0,Retail,East,256,Higher,61,7537.16
2023-08-14,Monday,8,3,0,PROD_125,Apparel,113.7,Seasonal Sale,11,0.15,Wholesale,South,481,Same,20,1932.9
2023-08-15,Tuesday,8,3,0,PROD_146,Electronics,83.13,None,0,0.0,Retail,East,460,Same,20,1662.6
2023-08-16,Wednesday,8,3,0,PROD_131,Home & Garden,160.27,Clearance,11,0.4,Retail,West,411,Higher,59,5673.56
2023-08-17,Thursday,8,3,0,PROD_109,Home & Garden,250.21,Seasonal Sale,3,0.15,Wholesale,West,91,Same,15,3190.18
2023-08-18,Friday,8,3,0,PROD_115,Beauty,94.72,None,0,0.0,Retail,North,174,Same,49,4641.28
2023-08-19,Saturday,8,3,0,PROD_106,Electronics,283.58,Seasonal Sale,12,0.15,Retail,East,209,Same,16,3856.69
2023-08-20,Sunday,8,3,0,PROD_116,Apparel,263.9,None,0,0.0,Retail,South,287,Same,44,11611.6
2023-08-21,Monday,8,3,0,PROD_122,Beauty,61.1,None,0,0.0,Corporate,South,340,Same,42,2566.2
2023-08-22,Tuesday,8,3,0,PROD_125,Beauty,239.09,Seasonal Sale,8,0.15,Wholesale,East,126,Same,45,9145.19
2023-08-23,Wednesday,8,3,0,PROD_120,Beauty,178.76,Flash Sale,3,0.25,Wholesale,South,251,Same,45,6033.15
2023-08-24,Thursday,8,3,0,PROD_121,Apparel,176.47,Flash Sale,9,0.25,Wholesale,West,61,Higher,57,7544.09
2023-08-25,Friday,8,3,0,PROD_106,Beauty,126.45,None,0,0.0,Retail,South,209,Lower,23,2908.35
2023-08-26,Saturday,8,3,0,PROD_113,Apparel,157.83,None,0,0.0,Retail,North,390,Higher,57,8996.31
2023-08-27,Sunday,8,3,0,PROD_114,Beauty,128.2,Seasonal Sale,10,0.15,Wholesale,West,158,Same,13,1416.61
2023-08-28,Monday,8,3,0,PROD_106,Apparel,168.82,None,0,0.0,Retail,West,122,Higher,58,9791.56
2023-08-29,Tuesday,8,3,0,PROD_108,Home & Garden,193.97,None,0,0.0,Retail,West,190,Same,34,6594.98
2023-08-31,Thursday,8,3,0,PROD_147,Home & Garden,207.18,None,0,0.0,Retail,East,370,Higher,55,11394.9
2023-09-02,Saturday,9,3,0,PROD_107,Home & Garden,166.76,Seasonal Sale,11,0.15,Retail,East,292,Lower,32,4535.87
2023-09-03,Sunday,9,3,0,PROD_149,Home & Garden,220.61,None,0,0.0,Corporate,West,435,Higher,32,7059.52
2023-09-04,Monday,9,3,0,PROD_122,Home & Garden,55.26,Seasonal Sale,11,0.15,Retail,East,240,Lower,41,1925.81
2023-09-05,Tuesday,9,3,0,PROD_128,Beauty,75.42,Clearance,3,0.4,Retail,South,232,Higher,98,4434.7
2023-09-06,Wednesday,9,3,0,PROD_117,Beauty,248.34,None,0,0.0,Retail,East,360,Higher,36,8940.24
2023-09-07,Thursday,9,3,0,PROD_130,Beauty,106.92,None,0,0.0,Corporate,East,443,Same,32,3421.44
2023-09-08,Friday,9,3,0,PROD_129,Apparel,21.52,None,0,0.0,Retail,West,426,Lower,19,408.88
2023-09-09,Saturday,9,3,0,PROD_138,Apparel,58.83,Flash Sale,13,0.25,Retail,North,75,Higher,71,3132.7
2023-09-11,Monday,9,3,0,PROD_134,Apparel,78.73,None,0,0.0,Wholesale,North,409,Same,25,1968.25
2023-09-12,Tuesday,9,3,0,PROD_117,Apparel,287.84,None,0,0.0,Wholesale,North,361,Higher,23,6620.32
2023-09-13,Wednesday,9,3,0,PROD_141,Home & Garden,178.32,None,0,0.0,Retail,South,453,Lower,7,1248.24
2023-09-14,Thursday,9,3,0,PROD_138,Home & Garden,280.83,Seasonal Sale,4,0.15,Retail,East,121,Lower,26,6206.34
2023-09-15,Friday,9,3,0,PROD_116,Home & Garden,178.92,None,0,0.0,Retail,North,440,Higher,54,9661.68
2023-09-16,Saturday,9,3,0,PROD_113,Electronics,151.62,Seasonal Sale,5,0.15,Retail,West,211,Same,59,7603.74
2023-09-17,Sunday,9,3,0,PROD_130,Beauty,104.41,Clearance,3,0.4,Retail,North,329,Higher,65,4071.99
2023-09-18,Monday,9,3,0,PROD_123,Apparel,187.82,None,0,0.0,Retail,North,219,Same,49,9203.18
2023-09-19,Tuesday,9,3,0,PROD_134,Apparel,54.67,Flash Sale,10,0.25,Retail,East,252,Same,43,1763.11
2023-09-20,Wednesday,9,3,0,PROD_143,Home & Garden,271.0,None,0,0.0,Retail,East,452,Same,43,11653.0
2023-09-21,Thursday,9,3,0,PROD_144,Apparel,251.36,Flash Sale,7,0.25,Wholesale,East,246,Same,55,10368.6
2023-09-23,Saturday,9,3,0,PROD_133,Apparel,105.5,Seasonal Sale,3,0.15,Corporate,South,390,Same,20,1793.5
2023-09-24,Sunday,9,3,0,PROD_102,Beauty,286.55,Flash Sale,12,0.25,Wholesale,South,158,Same,48,10315.8
2023-09-25,Monday,9,3,0,PROD_136,Home & Garden,250.18,None,0,0.0,Retail,North,363,Same,15,3752.7
2023-09-26,Tuesday,9,3,0,PROD_142,Beauty,204.9,None,0,0.0,Retail,East,324,Same,41,8400.9
2023-09-27,Wednesday,9,3,0,PROD_139,Electronics,49.7,None,0,0.0,Corporate,North,168,Higher,62,3081.4
2023-09-29,Friday,9,3,0,PROD_125,Electronics,151.3,None,0,0.0,Retail,West,134,Lower,28,4236.4
2023-09-30,Saturday,9,3,0,PROD_122,Electronics,159.24,None,0,0.0,Retail,West,469,Same,19,3025.56
2023-10-02,Monday,10,4,0,PROD_143,Home & Garden,81.28,None,0,0.0,Retail,East,82,Lower,43,3495.04
2023-10-03,Tuesday,10,4,0,PROD_138,Apparel,37.79,None,0,0.0,Wholesale,East,123,Same,43,1624.97
2023-10-05,Thursday,10,4,0,PROD_114,Home & Garden,236.37,None,0,0.0,Wholesale,West,358,Same,52,12291.24
2023-10-06,Friday,10,4,0,PROD_148,Home & Garden,49.78,Flash Sale,9,0.25,Retail,East,378,Lower,32,1194.72
2023-10-07,Saturday,10,4,0,PROD_103,Apparel,184.37,None,0,0.0,Retail,South,175,Lower,44,8112.28
2023-10-08,Sunday,10,4,0,PROD_128,Beauty,281.89,None,0,0.0,Corporate,South,292,Lower,26,7329.14
2023-10-09,Monday,10,4,0,PROD_121,Electronics,264.69,None,0,0.0,Retail,East,25,Same,20,5293.8
2023-10-10,Tuesday,10,4,0,PROD_124,Beauty,94.16,None,0,0.0,Wholesale,West,166,Higher,101,9510.16
2023-10-11,Wednesday,10,4,0,PROD_112,Electronics,257.66,Clearance,3,0.4,Wholesale,North,203,Lower,40,6183.84
2023-10-12,Thursday,10,4,0,PROD_117,Home & Garden,15.09,None,0,0.0,Wholesale,East,47,Same,28,422.52
2023-10-13,Friday,10,4,0,PROD_132,Electronics,20.04,Seasonal Sale,13,0.15,Retail,East,469,Same,77,1311.62
2023-10-14,Saturday,10,4,0,PROD_115,Home & Garden,186.73,Clearance,3,0.4,Retail,North,57,Same,41,4593.56
2023-10-15,Sunday,10,4,0,PROD_144,Beauty,118.97,Flash Sale,6,0.25,Retail,East,138,Higher,87,7762.79
2023-10-16,Monday,10,4,0,PROD_141,Home & Garden,125.14,Seasonal Sale,11,0.15,Wholesale,North,312,Same,55,5850.3
2023-10-17,Tuesday,10,4,0,PROD_143,Beauty,175.87,Flash Sale,11,0.25,Corporate,West,390,Same,62,8177.96
2023-10-18,Wednesday,10,4,0,PROD_101,Apparel,69.66,Clearance,7,0.4,Retail,South,263,Lower,98,4096.01
2023-10-19,Thursday,10,4,0,PROD_134,Apparel,75.35,Seasonal Sale,6,0.15,Retail,West,87,Lower,21,1345.0
2023-10-20,Friday,10,4,0,PROD_141,Apparel,153.11,None,0,0.0,Corporate,South,233,Same,22,3368.42
2023-10-21,Saturday,10,4,0,PROD_133,Home & Garden,229.96,Seasonal Sale,5,0.15,Wholesale,North,237,Lower,44,8600.5
2023-10-22,Sunday,10,4,0,PROD_129,Apparel,191.56,None,0,0.0,Wholesale,South,196,Same,38,7279.28
2023-10-23,Monday,10,4,0,PROD_112,Electronics,99.75,Seasonal Sale,12,0.15,Retail,West,318,Same,59,5002.46
2023-10-24,Tuesday,10,4,0,PROD_112,Beauty,137.65,None,0,0.0,Retail,South,183,Same,17,2340.05
2023-10-25,Wednesday,10,4,0,PROD_117,Beauty,63.64,None,0,0.0,Wholesale,North,77,Lower,42,2672.88
2023-10-26,Thursday,10,4,0,PROD_131,Electronics,36.27,None,0,0.0,Wholesale,South,288,Same,35,1269.45
2023-10-27,Friday,10,4,0,PROD_131,Home & Garden,238.07,None,0,0.0,Retail,East,327,Same,20,4761.4
2023-10-28,Saturday,10,4,0,PROD_134,Home & Garden,90.64,None,0,0.0,Retail,West,77,Higher,39,3534.96
2023-10-29,Sunday,10,4,0,PROD_138,Beauty,65.66,None,0,0.0,Retail,East,307,Lower,44,2889.04
2023-10-30,Monday,10,4,0,PROD_145,Apparel,212.11,None,0,0.0,Retail,North,484,Higher,35,7423.85
2023-10-31,Tuesday,10,4,0,PROD_128,Home & Garden,191.14,None,0,0.0,Retail,South,124,Same,19,3631.66
2023-11-01,Wednesday,11,4,0,PROD_148,Home & Garden,195.46,Flash Sale,11,0.25,Corporate,East,247,Same,46,6743.37
2023-11-02,Thursday,11,4,0,PROD_128,Electronics,80.23,None,0,0.0,Retail,East,266,Same,62,4974.26
2023-11-04,Saturday,11,4,0,PROD_143,Electronics,81.3,None,0,0.0,Wholesale,South,207,Lower,22,1788.6
2023-11-06,Monday,11,4,1,PROD_115,Apparel,77.93,Seasonal Sale,4,0.15,Retail,South,102,Lower,101,6690.29
2023-11-07,Tuesday,11,4,0,PROD_143,Home & Garden,64.52,None,0,0.0,Wholesale,West,205,Same,73,4709.96
2023-11-08,Wednesday,11,4,0,PROD_146,Home & Garden,201.88,None,0,0.0,Corporate,East,271,Same,35,7065.8
2023-11-09,Thursday,11,4,0,PROD_109,Electronics,256.68,Flash Sale,4,0.25,Retail,East,374,Higher,152,29261.52
2023-11-11,Saturday,11,4,0,PROD_129,Home & Garden,221.43,Flash Sale,11,0.25,Retail,North,257,Same,57,9466.13
2023-11-13,Monday,11,4,0,PROD_124,Beauty,240.75,None,0,0.0,Retail,West,379,Lower,23,5537.25
2023-11-14,Tuesday,11,4,0,PROD_138,Electronics,130.37,None,0,0.0,Retail,North,203,Same,73,9517.01
2023-11-15,Wednesday,11,4,0,PROD_119,Apparel,201.41,Clearance,13,0.4,Wholesale,East,303,Same,60,7250.76
2023-11-16,Thursday,11,4,0,PROD_104,Electronics,115.96,Seasonal Sale,8,0.15,Corporate,North,404,Same,39,3844.07
2023-11-17,Friday,11,4,0,PROD_100,Home & Garden,164.77,None,0,0.0,Retail,East,445,Same,25,4119.25
2023-11-18,Saturday,11,4,0,PROD_129,Apparel,152.27,Flash Sale,8,0.25,Retail,East,229,Higher,37,4225.49
2023-11-19,Sunday,11,4,0,PROD_148,Electronics,65.41,None,0,0.0,Retail,North,323,Higher,66,4317.06
2023-11-20,Monday,11,4,0,PROD_102,Beauty,125.32,None,0,0.0,Wholesale,North,315,Same,76,9524.32
2023-11-21,Tuesday,11,4,0,PROD_144,Beauty,289.69,None,0,0.0,Retail,South,116,Same,78,22595.82
2023-11-22,Wednesday,11,4,1,PROD_113,Electronics,85.85,Seasonal Sale,4,0.15,Retail,South,466,Higher,205,14959.36
2023-11-23,Thursday,11,4,0,PROD_129,Beauty,53.13,None,0,0.0,Wholesale,South,479,Same,48,2550.24
2023-11-24,Friday,11,4,0,PROD_149,Beauty,134.3,Seasonal Sale,10,0.15,Wholesale,East,475,Lower,49,5593.6
2023-11-26,Sunday,11,4,1,PROD_103,Beauty,240.25,None,0,0.0,Retail,North,491,Same,91,21862.75
2023-11-28,Tuesday,11,4,0,PROD_117,Apparel,180.91,None,0,0.0,Wholesale,West,227,Lower,25,4522.75
2023-11-29,Wednesday,11,4,0,PROD_136,Beauty,209.08,None,0,0.0,Retail,East,389,Same,56,11708.48
2023-11-30,Thursday,11,4,0,PROD_124,Beauty,69.06,Seasonal Sale,4,0.15,Retail,West,407,Same,30,1761.03
2023-12-01,Friday,12,4,0,PROD_147,Beauty,191.4,None,0,0.0,Wholesale,North,441,Same,64,12249.6
2023-12-02,Saturday,12,4,0,PROD_100,Apparel,107.2,None,0,0.0,Wholesale,East,430,Lower,38,4073.6
2023-12-03,Sunday,12,4,0,PROD_145,Electronics,252.78,Flash Sale,7,0.25,Retail,West,156,Same,104,19716.84
2023-12-04,Monday,12,4,0,PROD_114,Home & Garden,194.35,None,0,0.0,Retail,West,386,Same,46,8940.1
2023-12-05,Tuesday,12,4,0,PROD_108,Beauty,71.67,Clearance,8,0.4,Retail,South,419,Same,83,3569.17
2023-12-06,Wednesday,12,4,0,PROD_114,Electronics,33.42,None,0,0.0,Retail,South,203,Same,17,568.14
2023-12-07,Thursday,12,4,0,PROD_148,Beauty,27.15,Seasonal Sale,3,0.15,Retail,South,95,Same,74,1707.74
2023-12-08,Friday,12,4,0,PROD_123,Apparel,120.85,None,0,0.0,Retail,East,306,Lower,24,2900.4
2023-12-09,Saturday,12,4,0,PROD_103,Electronics,90.77,Clearance,7,0.4,Retail,North,491,Lower,107,5827.43
2023-12-11,Monday,12,4,0,PROD_111,Apparel,199.14,None,0,0.0,Wholesale,North,394,Higher,76,15134.64
2023-12-12,Tuesday,12,4,0,PROD_136,Beauty,157.31,None,0,0.0,Wholesale,South,161,Higher,31,4876.61
2023-12-13,Wednesday,12,4,0,PROD_136,Beauty,90.82,None,0,0.0,Wholesale,South,256,Same,19,1725.58
2023-12-14,Thursday,12,4,0,PROD_142,Apparel,57.53,None,0,0.0,Retail,South,44,Lower,49,2818.97
2023-12-15,Friday,12,4,0,PROD_105,Home & Garden,51.25,None,0,0.0,Corporate,West,309,Same,43,2203.75
2023-12-16,Saturday,12,4,0,PROD_138,Apparel,261.43,Clearance,8,0.4,Wholesale,South,86,Same,64,10038.91
2023-12-17,Sunday,12,4,0,PROD_145,Beauty,84.39,None,0,0.0,Wholesale,West,269,Higher,60,5063.4
2023-12-18,Monday,12,4,0,PROD_123,Apparel,200.74,Seasonal Sale,7,0.15,Wholesale,North,427,Lower,21,3583.21
2023-12-19,Tuesday,12,4,0,PROD_110,Home & Garden,246.05,Seasonal Sale,7,0.15,Corporate,East,137,Lower,43,8993.13
2023-12-20,Wednesday,12,4,0,PROD_112,Apparel,190.01,Seasonal Sale,12,0.15,Retail,East,92,Same,68,10982.58
2023-12-21,Thursday,12,4,0,PROD_133,Home & Garden,259.98,None,0,0.0,Retail,East,301,Same,44,11439.12
2023-12-22,Friday,12,4,0,PROD_124,Home & Garden,126.83,None,0,0.0,Wholesale,East,423,Same,40,5073.2
2023-12-23,Saturday,12,4,0,PROD_106,Apparel,287.52,Seasonal Sale,10,0.15,Wholesale,West,467,Lower,50,12219.6
2023-12-24,Sunday,12,4,0,PROD_103,Apparel,52.95,Clearance,4,0.4,Wholesale,West,379,Same,41,1302.57
2023-12-25,Monday,12,4,1,PROD_107,Electronics,44.11,None,0,0.0,Retail,South,29,Higher,74,3264.14
2023-12-26,Tuesday,12,4,0,PROD_119,Beauty,202.73,None,0,0.0,Retail,West,230,Higher,70,14191.1
2023-12-27,Wednesday,12,4,0,PROD_128,Home & Garden,283.71,None,0,0.0,Retail,South,342,Same,70,19859.7
2023-12-28,Thursday,12,4,0,PROD_144,Electronics,245.53,Clearance,12,0.4,Corporate,South,171,Same,73,10754.21
2023-12-29,Friday,12,4,0,PROD_145,Apparel,36.78,None,0,0.0,Retail,East,24,Lower,31,1140.18
2023-12-30,Saturday,12,4,0,PROD_109,Beauty,94.62,None,0,0.0,Retail,West,214,Same,75,7096.5
2023-12-31,Sunday,12,4,0,PROD_142,Electronics,280.14,Flash Sale,5,0.25,Retail,West,461,Same,117,24582.28
2024-01-01,Monday,1,1,0,PROD_133,Home & Garden,87.12,None,0,0.0,Retail,South,302,Same,12,1045.44
2024-01-02,Tuesday,1,1,0,PROD_125,Electronics,237.63,None,0,0.0,Wholesale,South,483,Same,31,7366.53
2024-01-03,Wednesday,1,1,0,PROD_140,Home & Garden,250.16,Seasonal Sale,8,0.15,Wholesale,North,132,Lower,21,4465.36
2024-01-04,Thursday,1,1,0,PROD_148,Apparel,156.2,Clearance,6,0.4,Wholesale,North,290,Lower,38,3561.36
2024-01-05,Friday,1,1,0,PROD_102,Beauty,125.11,None,0,0.0,Retail,South,182,Same,20,2502.2
2024-01-06,Saturday,1,1,1,PROD_105,Beauty,143.29,None,0,0.0,Wholesale,North,479,Lower,41,5874.89
2024-01-07,Sunday,1,1,0,PROD_104,Beauty,79.68,None,0,0.0,Retail,North,124,Lower,9,717.12
2024-01-09,Tuesday,1,1,0,PROD_104,Apparel,268.48,None,0,0.0,Wholesale,South,200,Higher,28,7517.44
2024-01-10,Wednesday,1,1,0,PROD_146,Home & Garden,143.43,Seasonal Sale,12,0.15,Retail,South,63,Same,40,4876.62
2024-01-11,Thursday,1,1,0,PROD_122,Apparel,266.5,None,0,0.0,Retail,West,301,Same,20,5330.0
2024-01-12,Friday,1,1,0,PROD_148,Beauty,45.12,None,0,0.0,Wholesale,South,194,Higher,29,1308.48
2024-01-13,Saturday,1,1,0,PROD_108,Apparel,296.66,None,0,0.0,Corporate,South,181,Higher,27,8009.82
2024-01-14,Sunday,1,1,0,PROD_134,Apparel,141.33,None,0,0.0,Retail,East,490,Same,17,2402.61
2024-01-15,Monday,1,1,0,PROD_119,Apparel,28.63,None,0,0.0,Wholesale,West,370,Higher,16,458.08
2024-01-16,Tuesday,1,1,0,PROD_148,Home & Garden,25.84,Flash Sale,3,0.25,Retail,West,453,Same,46,891.48
2024-01-17,Wednesday,1,1,0,PROD_141,Electronics,227.67,None,0,0.0,Retail,West,359,Same,15,3415.05
2024-01-18,Thursday,1,1,0,PROD_134,Electronics,202.83,Flash Sale,12,0.25,Retail,East,159,Same,55,8366.74
2024-01-19,Friday,1,1,0,PROD_149,Apparel,243.61,Flash Sale,13,0.25,Retail,South,490,Same,58,10597.04
2024-01-20,Saturday,1,1,0,PROD_117,Electronics,45.03,None,0,0.0,Retail,West,151,Same,27,1215.81
2024-01-22,Monday,1,1,0,PROD_116,Electronics,25.14,None,0,0.0,Retail,West,106,Same,12,301.68
2024-01-24,Wednesday,1,1,0,PROD_123,Apparel,159.95,None,0,0.0,Retail,North,195,Lower,18,2879.1
2024-01-25,Thursday,1,1,0,PROD_102,Apparel,125.46,None,0,0.0,Corporate,West,202,Same,21,2634.66
2024-01-26,Friday,1,1,0,PROD_131,Beauty,146.65,None,0,0.0,Retail,South,387,Lower,17,2493.05
2024-01-27,Saturday,1,1,0,PROD_134,Electronics,297.6,None,0,0.0,Wholesale,South,148,Same,12,3571.2
2024-01-28,Sunday,1,1,0,PROD_137,Home & Garden,291.66,None,0,0.0,Retail,North,265,Same,30,8749.8
2024-01-29,Monday,1,1,0,PROD_112,Apparel,283.56,Flash Sale,8,0.25,Wholesale,West,108,Same,44,9357.48
2024-01-30,Tuesday,1,1,0,PROD_146,Beauty,238.4,None,0,0.0,Retail,West,85,Higher,27,6436.8
2024-01-31,Wednesday,1,1,0,PROD_124,Home & Garden,116.13,Flash Sale,7,0.25,Retail,West,177,Higher,55,4790.36
2024-02-01,Thursday,2,1,0,PROD_108,Electronics,132.46,None,0,0.0,Retail,East,406,Same,16,2119.36
2024-02-02,Friday,2,1,0,PROD_103,Beauty,171.64,Flash Sale,3,0.25,Retail,West,397,Same,45,5792.85
2024-02-03,Saturday,2,1,0,PROD_113,Apparel,251.7,None,0,0.0,Retail,South,168,Same,34,8557.8
2024-02-04,Sunday,2,1,0,PROD_136,Home & Garden,34.58,None,0,0.0,Wholesale,South,492,Lower,20,691.6
2024-02-05,Monday,2,1,0,PROD_133,Apparel,135.92,Seasonal Sale,9,0.15,Wholesale,East,359,Lower,9,1039.79
2024-02-06,Tuesday,2,1,0,PROD_110,Electronics,38.55,None,0,0.0,Wholesale,East,452,Same,16,616.8
2024-02-07,Wednesday,2,1,0,PROD_140,Home & Garden,161.68,None,0,0.0,Wholesale,West,135,Same,37,5982.16
2024-02-08,Thursday,2,1,0,PROD_102,Electronics,271.19,Clearance,13,0.4,Retail,North,233,Same,36,5857.7
2024-02-09,Friday,2,1,0,PROD_127,Electronics,238.01,None,0,0.0,Retail,East,488,Higher,36,8568.36
2024-02-10,Saturday,2,1,0,PROD_128,Beauty,79.94,None,0,0.0,Retail,East,465,Lower,16,1279.04
2024-02-11,Sunday,2,1,0,PROD_108,Apparel,293.16,Seasonal Sale,9,0.15,Retail,West,391,Lower,36,8970.7
2024-02-12,Monday,2,1,0,PROD_102,Home & Garden,205.19,Flash Sale,6,0.25,Retail,West,313,Higher,65,10003.01
2024-02-13,Tuesday,2,1,0,PROD_124,Electronics,17.97,Seasonal Sale,5,0.15,Retail,East,272,Lower,13,198.57
2024-02-14,Wednesday,2,1,0,PROD_133,Electronics,87.79,None,0,0.0,Retail,North,162,Same,23,2019.17
2024-02-15,Thursday,2,1,0,PROD_111,Home & Garden,89.3,Seasonal Sale,13,0.15,Retail,East,269,Same,45,3415.72
2024-02-16,Friday,2,1,0,PROD_141,Electronics,34.74,None,0,0.0,Wholesale,West,385,Same,24,833.76
2024-02-17,Saturday,2,1,0,PROD_108,Beauty,288.55,Seasonal Sale,3,0.15,Wholesale,West,455,Lower,12,2943.21
2024-02-19,Monday,2,1,0,PROD_114,Beauty,151.3,Clearance,9,0.4,Retail,East,482,Lower,20,1815.6
2024-02-20,Tuesday,2,1,0,PROD_139,Beauty,270.31,Seasonal Sale,11,0.15,Corporate,North,321,Lower,7,1608.34
2024-02-21,Wednesday,2,1,0,PROD_124,Beauty,106.83,Flash Sale,10,0.25,Corporate,East,44,Same,49,3926.0
2024-02-22,Thursday,2,1,0,PROD_104,Electronics,50.69,None,0,0.0,Retail,East,296,Same,13,658.97
2024-02-23,Friday,2,1,0,PROD_110,Home & Garden,150.19,Seasonal Sale,8,0.15,Retail,West,491,Lower,10,1276.62
2024-02-24,Saturday,2,1,0,PROD_133,Home & Garden,47.48,Flash Sale,13,0.25,Retail,North,396,Same,57,2029.77
2024-02-25,Sunday,2,1,0,PROD_123,Home & Garden,153.51,None,0,0.0,Corporate,South,397,Higher,12,1842.12
2024-02-26,Monday,2,1,0,PROD_114,Home & Garden,277.28,Flash Sale,10,0.25,Wholesale,North,408,Lower,44,9150.24
2024-02-27,Tuesday,2,1,0,PROD_137,Apparel,163.42,None,0,0.0,Retail,East,89,Same,12,1961.04
2024-02-28,Wednesday,2,1,0,PROD_107,Home & Garden,190.7,Seasonal Sale,11,0.15,Retail,East,132,Same,39,6321.7
2024-02-29,Thursday,2,1,0,PROD_104,Apparel,59.64,Flash Sale,4,0.25,Retail,East,382,Same,13,581.49
2024-03-01,Friday,3,1,0,PROD_147,Apparel,27.46,Seasonal Sale,4,0.15,Retail,North,131,Same,39,910.3
2024-03-02,Saturday,3,1,0,PROD_125,Beauty,46.58,None,0,0.0,Retail,West,383,Same,20,931.6
2024-03-03,Sunday,3,1,0,PROD_117,Apparel,185.58,None,0,0.0,Wholesale,East,322,Higher,48,8907.84
2024-03-04,Monday,3,1,0,PROD_105,Electronics,42.08,None,0,0.0,Wholesale,East,490,Higher,16,673.28
2024-03-05,Tuesday,3,1,0,PROD_136,Apparel,122.16,Clearance,12,0.4,Wholesale,North,471,Same,51,3738.1
2024-03-06,Wednesday,3,1,0,PROD_147,Beauty,171.78,None,0,0.0,Wholesale,South,110,Same,16,2748.48
2024-03-07,Thursday,3,1,0,PROD_112,Apparel,125.77,None,0,0.0,Wholesale,South,37,Same,33,4150.41
2024-03-08,Friday,3,1,0,PROD_127,Electronics,61.65,Seasonal Sale,9,0.15,Retail,West,168,Same,49,2567.72
2024-03-09,Saturday,3,1,0,PROD_104,Electronics,93.03,None,0,0.0,Wholesale,West,495,Same,36,3349.08
2024-03-10,Sunday,3,1,0,PROD_112,Electronics,279.57,Seasonal Sale,10,0.15,Retail,East,246,Lower,20,4752.69
2024-03-12,Tuesday,3,1,0,PROD_116,Beauty,207.65,Seasonal Sale,6,0.15,Wholesale,North,233,Same,48,8472.12
2024-03-13,Wednesday,3,1,0,PROD_149,Beauty,156.37,Flash Sale,4,0.25,Retail,East,379,Same,18,2111.0
2024-03-14,Thursday,3,1,0,PROD_139,Home & Garden,18.62,None,0,0.0,Wholesale,West,170,Same,32,595.84
2024-03-15,Friday,3,1,0,PROD_144,Beauty,297.84,None,0,0.0,Retail,North,211,Higher,12,3574.08
2024-03-16,Saturday,3,1,0,PROD_131,Electronics,206.36,None,0,0.0,Retail,North,470,Lower,24,4952.64
2024-03-17,Sunday,3,1,0,PROD_128,Electronics,105.32,None,0,0.0,Retail,West,59,Same,18,1895.76
2024-03-18,Monday,3,1,0,PROD_102,Beauty,265.59,None,0,0.0,Retail,South,261,Lower,22,5842.98
2024-03-19,Tuesday,3,1,0,PROD_139,Apparel,88.65,None,0,0.0,Wholesale,South,157,Higher,41,3634.65
2024-03-20,Wednesday,3,1,0,PROD_133,Beauty,170.04,Seasonal Sale,9,0.15,Wholesale,North,364,Same,28,4046.95
2024-03-21,Thursday,3,1,0,PROD_139,Beauty,196.28,Seasonal Sale,12,0.15,Retail,East,199,Same,36,6006.17
2024-03-22,Friday,3,1,0,PROD_126,Electronics,78.0,None,0,0.0,Retail,South,219,Same,25,1950.0
2024-03-23,Saturday,3,1,0,PROD_112,Home & Garden,293.84,Flash Sale,12,0.25,Retail,East,222,Same,35,7713.3
2024-03-24,Sunday,3,1,0,PROD_144,Electronics,228.23,Clearance,11,0.4,Retail,South,80,Higher,47,6436.09
2024-03-25,Monday,3,1,0,PROD_132,Home & Garden,173.98,Flash Sale,12,0.25,Retail,South,211,Same,31,4045.04
2024-03-26,Tuesday,3,1,0,PROD_105,Electronics,66.47,Seasonal Sale,13,0.15,Wholesale,East,24,Same,26,1468.99
2024-03-27,Wednesday,3,1,0,PROD_123,Beauty,30.35,None,0,0.0,Retail,West,397,Higher,15,455.25
2024-03-28,Thursday,3,1,0,PROD_118,Electronics,106.22,None,0,0.0,Retail,South,256,Same,28,2974.16
2024-03-29,Friday,3,1,0,PROD_115,Electronics,229.66,None,0,0.0,Retail,South,200,Lower,13,2985.58
2024-03-30,Saturday,3,1,0,PROD_139,Electronics,91.76,None,0,0.0,Retail,East,330,Same,36,3303.36
2024-03-31,Sunday,3,1,0,PROD_127,Beauty,168.77,Clearance,10,0.4,Retail,West,56,Higher,35,3544.17
2024-04-01,Monday,4,2,0,PROD_132,Beauty,222.46,Flash Sale,6,0.25,Wholesale,South,75,Same,39,6506.96
2024-04-02,Tuesday,4,2,0,PROD_147,Beauty,45.76,None,0,0.0,Retail,South,462,Lower,8,366.08
2024-04-05,Friday,4,2,0,PROD_140,Beauty,210.31,None,0,0.0,Retail,West,256,Same,22,4626.82
2024-04-06,Saturday,4,2,0,PROD_112,Home & Garden,41.18,Flash Sale,3,0.25,Retail,South,377,Same,69,2131.06
2024-04-07,Sunday,4,2,0,PROD_142,Home & Garden,290.06,None,0,0.0,Retail,West,368,Lower,23,6671.38
2024-04-08,Monday,4,2,0,PROD_144,Apparel,154.19,None,0,0.0,Retail,West,216,Same,49,7555.31
2024-04-09,Tuesday,4,2,0,PROD_124,Beauty,57.94,Flash Sale,8,0.25,Corporate,East,92,Higher,86,3737.13
2024-04-10,Wednesday,4,2,0,PROD_141,Home & Garden,112.58,None,0,0.0,Wholesale,North,78,Same,41,4615.78
2024-04-12,Friday,4,2,0,PROD_135,Electronics,132.82,None,0,0.0,Retail,West,259,Same,39,5179.98
2024-04-13,Saturday,4,2,0,PROD_126,Beauty,231.08,None,0,0.0,Retail,East,21,Same,22,5083.76
2024-04-14,Sunday,4,2,0,PROD_137,Apparel,226.88,Flash Sale,11,0.25,Retail,North,468,Lower,11,1871.76
2024-04-15,Monday,4,2,0,PROD_106,Apparel,189.4,None,0,0.0,Retail,South,379,Higher,55,10417.0
2024-04-16,Tuesday,4,2,1,PROD_104,Apparel,45.19,None,0,0.0,Wholesale,North,207,Same,36,1626.84
2024-04-17,Wednesday,4,2,0,PROD_142,Electronics,58.2,None,0,0.0,Wholesale,West,326,Same,23,1338.6
2024-04-18,Thursday,4,2,0,PROD_144,Home & Garden,41.72,None,0,0.0,Retail,West,49,Same,38,1585.36
2024-04-21,Sunday,4,2,0,PROD_130,Electronics,179.49,None,0,0.0,Retail,West,286,Same,43,7718.07
2024-04-22,Monday,4,2,0,PROD_122,Beauty,264.98,Seasonal Sale,6,0.15,Retail,West,495,Same,37,8333.62
2024-04-23,Tuesday,4,2,0,PROD_141,Apparel,138.63,None,0,0.0,Wholesale,West,127,Lower,11,1524.93
2024-04-24,Wednesday,4,2,0,PROD_109,Electronics,60.84,Flash Sale,11,0.25,Wholesale,East,351,Higher,80,3650.4
2024-04-25,Thursday,4,2,0,PROD_131,Electronics,174.04,None,0,0.0,Retail,West,442,Higher,52,9050.08
2024-04-26,Friday,4,2,0,PROD_142,Home & Garden,246.35,None,0,0.0,Retail,East,109,Same,34,8375.9
2024-04-27,Saturday,4,2,0,PROD_129,Home & Garden,226.39,None,0,0.0,Wholesale,South,224,Higher,61,13809.79
2024-04-28,Sunday,4,2,0,PROD_138,Apparel,266.21,None,0,0.0,Retail,West,398,Lower,16,4259.36
2024-04-30,Tuesday,4,2,0,PROD_130,Electronics,94.2,None,0,0.0,Retail,West,475,Same,17,1601.4
2024-05-01,Wednesday,5,2,0,PROD_117,Electronics,70.28,None,0,0.0,Retail,North,466,Same,36,2530.08
2024-05-02,Thursday,5,2,0,PROD_135,Home & Garden,265.75,None,0,0.0,Wholesale,South,467,Same,11,2923.25
2024-05-03,Friday,5,2,0,PROD_101,Electronics,202.4,Seasonal Sale,4,0.15,Retail,West,464,Same,35,6021.4
2024-05-04,Saturday,5,2,0,PROD_113,Electronics,103.61,None,0,0.0,Retail,West,400,Same,46,4766.06
2024-05-05,Sunday,5,2,0,PROD_112,Electronics,226.57,Seasonal Sale,7,0.15,Wholesale,South,457,Lower,22,4236.86
2024-05-07,Tuesday,5,2,0,PROD_128,Home & Garden,247.31,Clearance,7,0.4,Retail,East,239,Same,68,10090.25
2024-05-08,Wednesday,5,2,0,PROD_111,Apparel,190.27,None,0,0.0,Retail,West,397,Lower,27,5137.29
2024-05-09,Thursday,5,2,0,PROD_138,Beauty,211.05,None,0,0.0,Retail,North,113,Same,38,8019.9
2024-05-10,Friday,5,2,0,PROD_101,Apparel,121.95,None,0,0.0,Retail,West,476,Lower,20,2439.0
2024-05-11,Saturday,5,2,0,PROD_131,Beauty,168.53,None,0,0.0,Wholesale,North,122,Lower,21,3539.13
2024-05-12,Sunday,5,2,0,PROD_112,Electronics,164.39,None,0,0.0,Retail,North,242,Same,31,5096.09
2024-05-13,Monday,5,2,0,PROD_145,Apparel,256.69,Seasonal Sale,5,0.15,Retail,West,205,Same,60,13091.19
2024-05-14,Tuesday,5,2,0,PROD_126,Beauty,254.39,None,0,0.0,Retail,West,488,Higher,59,15009.01
2024-05-15,Wednesday,5,2,0,PROD_148,Home & Garden,252.31,None,0,0.0,Wholesale,North,203,Same,25,6307.75
2024-05-16,Thursday,5,2,0,PROD_140,Home & Garden,18.14,Flash Sale,13,0.25,Wholesale,South,181,Same,42,571.41
2024-05-17,Friday,5,2,0,PROD_116,Apparel,228.62,None,0,0.0,Retail,South,266,Higher,32,7315.84
2024-05-18,Saturday,5,2,0,PROD_139,Apparel,231.22,Flash Sale,3,0.25,Retail,West,50,Same,17,2948.06
2024-05-20,Monday,5,2,0,PROD_130,Electronics,208.34,None,0,0.0,Wholesale,East,71,Lower,9,1875.06
2024-05-21,Tuesday,5,2,0,PROD_133,Apparel,230.54,None,0,0.0,Retail,South,364,Same,30,6916.2
2024-05-22,Wednesday,5,2,0,PROD_123,Electronics,254.96,None,0,0.0,Wholesale,West,95,Higher,62,15807.52
2024-05-23,Thursday,5,2,0,PROD_144,Electronics,149.04,None,0,0.0,Wholesale,South,404,Same,43,6408.72
2024-05-24,Friday,5,2,1,PROD_134,Home & Garden,158.08,Clearance,11,0.4,Wholesale,East,458,Same,117,11097.22
2024-05-26,Sunday,5,2,0,PROD_147,Home & Garden,50.54,None,0,0.0,Retail,West,297,Lower,10,505.4
2024-05-27,Monday,5,2,0,PROD_105,Beauty,124.83,Clearance,5,0.4,Retail,East,59,Lower,36,2696.33
2024-05-28,Tuesday,5,2,0,PROD_118,Home & Garden,198.36,None,0,0.0,Wholesale,West,120,Same,48,9521.28
2024-05-29,Wednesday,5,2,1,PROD_129,Home & Garden,237.41,None,0,0.0,Retail,East,130,Same,51,12107.91
2024-05-30,Thursday,5,2,0,PROD_106,Apparel,76.9,None,0,0.0,Retail,South,404,Lower,9,692.1
2024-05-31,Friday,5,2,0,PROD_109,Home & Garden,54.28,None,0,0.0,Wholesale,South,340,Higher,18,977.04
2024-06-01,Saturday,6,2,0,PROD_140,Beauty,203.97,Clearance,13,0.4,Wholesale,East,268,Higher,75,9178.65
2024-06-02,Sunday,6,2,0,PROD_131,Apparel,15.54,None,0,0.0,Retail,East,210,Same,25,388.5
2024-06-03,Monday,6,2,0,PROD_133,Beauty,65.84,None,0,0.0,Retail,East,201,Higher,59,3884.56
2024-06-04,Tuesday,6,2,0,PROD_127,Home & Garden,23.29,None,0,0.0,Retail,West,445,Lower,34,791.86
2024-06-05,Wednesday,6,2,0,PROD_114,Beauty,62.56,None,0,0.0,Wholesale,South,424,Same,18,1126.08
2024-06-06,Thursday,6,2,0,PROD_129,Apparel,66.68,None,0,0.0,Corporate,West,354,Same,14,933.52
2024-06-07,Friday,6,2,0,PROD_136,Electronics,125.49,None,0,0.0,Retail,South,228,Higher,14,1756.86
2024-06-08,Saturday,6,2,0,PROD_128,Beauty,129.66,Flash Sale,8,0.25,Retail,North,41,Higher,38,3695.31
2024-06-09,Sunday,6,2,0,PROD_121,Beauty,264.16,None,0,0.0,Wholesale,West,185,Same,45,11887.2
2024-06-10,Monday,6,2,0,PROD_103,Apparel,160.38,None,0,0.0,Retail,South,118,Higher,40,6415.2
2024-06-11,Tuesday,6,2,0,PROD_119,Apparel,221.17,None,0,0.0,Retail,South,227,Lower,21,4644.57
2024-06-12,Wednesday,6,2,0,PROD_131,Beauty,44.68,None,0,0.0,Corporate,West,27,Higher,40,1787.2
2024-06-13,Thursday,6,2,0,PROD_135,Home & Garden,79.25,Clearance,6,0.4,Retail,West,209,Higher,111,5278.05
2024-06-14,Friday,6,2,0,PROD_149,Beauty,215.34,None,0,0.0,Wholesale,South,194,Lower,26,5598.84
2024-06-15,Saturday,6,2,0,PROD_103,Apparel,30.05,None,0,0.0,Retail,West,292,Same,47,1412.35
2024-06-16,Sunday,6,2,0,PROD_126,Electronics,153.68,Seasonal Sale,4,0.15,Retail,East,36,Lower,40,5225.12
2024-06-18,Tuesday,6,2,0,PROD_116,Electronics,185.82,None,0,0.0,Wholesale,West,109,Same,27,5017.14
2024-06-19,Wednesday,6,2,0,PROD_111,Home & Garden,186.61,None,0,0.0,Retail,West,160,Same,16,2985.76
2024-06-20,Thursday,6,2,0,PROD_121,Beauty,21.54,Clearance,13,0.4,Corporate,West,164,Same,20,258.48
2024-06-21,Friday,6,2,0,PROD_116,Electronics,106.8,Seasonal Sale,7,0.15,Retail,South,185,Higher,75,6808.5
2024-06-22,Saturday,6,2,0,PROD_109,Beauty,196.4,Clearance,4,0.4,Retail,East,356,Same,20,2356.8
2024-06-23,Sunday,6,2,0,PROD_100,Apparel,57.46,None,0,0.0,Retail,North,97,Same,33,1896.18
2024-06-24,Monday,6,2,0,PROD_121,Electronics,213.19,None,0,0.0,Retail,North,448,Higher,16,3411.04
2024-06-25,Tuesday,6,2,0,PROD_125,Home & Garden,227.59,None,0,0.0,Retail,East,281,Higher,16,3641.44
2024-06-27,Thursday,6,2,0,PROD_117,Apparel,294.86,None,0,0.0,Retail,East,182,Lower,18,5307.48
2024-06-28,Friday,6,2,0,PROD_149,Home & Garden,74.8,Flash Sale,10,0.25,Retail,East,385,Higher,76,4263.6
2024-06-29,Saturday,6,2,0,PROD_113,Apparel,250.16,None,0,0.0,Retail,South,33,Lower,28,7004.48
2024-06-30,Sunday,6,2,0,PROD_146,Electronics,163.28,Flash Sale,3,0.25,Wholesale,North,258,Higher,88,10776.48
2024-07-01,Monday,7,3,0,PROD_128,Home & Garden,121.44,Seasonal Sale,13,0.15,Wholesale,East,91,Same,50,5161.2
